timestamp,count,sex
2025-01-07 09:43:56,Outside,M
2025-01-07 09:44:00,Outside,F
2025-01-07 09:44:08,out_not_buy,F
2025-01-07 09:44:10,In,M
2025-01-07 09:44:11,In,F
2025-01-07 09:44:25,out_not_buy,M
2025-01-07 09:44:29,In,F
2025-01-07 09:44:30,In,F
2025-01-07 09:44:34,out_not_buy,M
2025-01-07 09:44:37,out_bought,F
2025-01-07 09:44:48,out_not_buy,M
2025-01-07 09:44:49,out_not_buy,F
2025-01-07 09:44:50,out_not_buy,F
2025-01-07 09:44:51,out_not_buy,F
2025-01-07 09:45:00,out_bought,F
2025-01-07 09:45:12,In,F
2025-01-07 09:45:18,out_not_buy,F
2025-01-07 09:45:19,out_not_buy,F
2025-01-07 09:45:33,out_not_buy,F
2025-01-07 09:46:08,In,F
2025-01-07 09:46:28,out_not_buy,M
2025-01-07 09:46:30,out_not_buy,M
2025-01-07 09:46:32,out_not_buy,F
2025-01-07 09:46:34,out_not_buy,F
2025-01-07 09:46:37,out_not_buy,F
2025-01-07 09:46:39,out_not_buy,F
2025-01-07 09:46:47,out_bought,F
2025-01-07 09:47:05,In,M
2025-01-07 09:47:06,In,F
2025-01-07 09:47:26,out_not_buy,M
2025-01-07 09:47:50,In,M
2025-01-07 09:47:52,In,F
2025-01-07 09:48:04,out_not_buy,M
2025-01-07 09:48:09,In,M
2025-01-07 09:48:14,Outside,M
2025-01-07 09:48:19,In,F
2025-01-07 09:48:27,out_bought,M
2025-01-07 09:48:35,out_bought,M
2025-01-07 09:48:40,In,M
2025-01-07 09:48:40,In,M
2025-01-07 09:48:44,out_not_buy,F
2025-01-07 09:48:45,out_not_buy,M
2025-01-07 09:48:48,out_not_buy,F
2025-01-07 09:48:58,In,F
2025-01-07 09:48:59,In,F
2025-01-07 09:48:59,In,M
2025-01-07 09:49:13,out_not_buy,F
2025-01-07 09:49:40,out_not_buy,M
2025-01-07 09:49:41,out_not_buy,F
2025-01-07 09:49:42,out_not_buy,F
2025-01-07 09:50:21,out_bought,M
2025-01-07 09:50:25,out_not_buy,F
2025-01-07 09:50:27,out_not_buy,M
2025-01-07 09:51:03,In,F
2025-01-07 09:51:23,out_not_buy,M
2025-01-07 09:51:24,In,M
2025-01-07 09:51:25,In,F
2025-01-07 09:52:16,out_not_buy,F
2025-01-07 09:52:20,In,M
2025-01-07 09:52:24,In,F
2025-01-07 09:52:25,out_not_buy,F
2025-01-07 09:52:32,out_not_buy,M
2025-01-07 09:52:33,out_not_buy,F
2025-01-07 09:52:33,out_not_buy,F
2025-01-07 09:52:34,out_not_buy,M
2025-01-07 09:52:35,out_not_buy,F
2025-01-07 09:52:37,out_bought,F
2025-01-07 09:52:45,In,M
2025-01-07 09:52:46,In,F
2025-01-07 09:53:13,In,F
2025-01-07 09:53:20,out_not_buy,M
2025-01-07 09:53:55,In,M
2025-01-07 09:53:57,In,F
2025-01-07 09:53:58,out_not_buy,M
2025-01-07 09:54:00,out_not_buy,F
2025-01-07 09:54:02,out_not_buy,M
2025-01-07 09:54:03,out_not_buy,M
2025-01-07 09:54:14,In,M
2025-01-07 09:54:55,In,M
2025-01-07 09:54:56,In,M
2025-01-07 09:55:01,out_not_buy,M
2025-01-07 09:55:17,In,F
2025-01-07 09:55:23,out_not_buy,F
2025-01-07 09:55:28,In,F
2025-01-07 09:55:30,In,F
2025-01-07 09:55:32,In,F
2025-01-07 09:56:03,In,F
2025-01-07 09:56:05,In,F
2025-01-07 09:56:26,In,F
2025-01-07 09:56:26,In,F
2025-01-07 09:56:30,out_not_buy,F
2025-01-07 09:56:43,In,M
2025-01-07 09:56:43,In,M
2025-01-07 09:56:50,out_not_buy,M
2025-01-07 09:56:52,out_not_buy,F
2025-01-07 09:56:54,In,M
2025-01-07 09:56:55,In,F
2025-01-07 09:56:57,out_not_buy,M
2025-01-07 09:57:10,In,M
2025-01-07 09:57:11,In,M
2025-01-07 09:57:12,In,F
2025-01-07 09:57:20,In,F
2025-01-07 09:57:28,out_not_buy,F
2025-01-07 09:57:29,out_not_buy,F
2025-01-07 09:57:32,out_not_buy,M
2025-01-07 09:57:41,In,F
2025-01-07 09:57:49,out_not_buy,M
2025-01-07 09:57:50,out_bought,M
2025-01-07 09:57:51,out_bought,F
2025-01-07 09:57:59,out_not_buy,F
2025-01-07 09:58:03,out_not_buy,F
2025-01-07 09:58:06,out_bought,M
2025-01-07 09:58:26,out_not_buy,M
2025-01-07 09:58:27,out_not_buy,M
2025-01-07 09:58:35,In,F
2025-01-07 09:58:36,In,M
2025-01-07 09:58:37,In,M
2025-01-07 09:58:37,In,F
2025-01-07 09:58:45,out_not_buy,M
2025-01-07 09:58:46,out_not_buy,M
2025-01-07 09:59:03,out_not_buy,F
2025-01-07 09:59:11,In,M
2025-01-07 09:59:22,In,M
2025-01-07 09:59:33,In,F
2025-01-07 09:59:34,In,F
2025-01-07 09:59:38,out_not_buy,F
2025-01-07 09:59:50,In,F
2025-01-07 09:59:51,In,F
2025-01-07 10:00:03,out_not_buy,F
2025-01-07 10:00:04,out_not_buy,M
2025-01-07 10:00:39,In,M
2025-01-07 10:00:49,out_not_buy,F
2025-01-07 10:00:51,out_not_buy,M
2025-01-07 10:00:56,out_not_buy,F
2025-01-07 10:01:03,out_not_buy,F
2025-01-07 10:01:08,In,M
2025-01-07 10:01:09,In,F
2025-01-07 10:01:10,In,F
2025-01-07 10:01:11,In,M
2025-01-07 10:01:12,In,F
2025-01-07 10:01:13,In,M
2025-01-07 10:01:23,out_bought,M
2025-01-07 10:01:23,out_bought,F
2025-01-07 10:01:26,In,M
2025-01-07 10:01:29,In,M
2025-01-07 10:01:30,In,F
2025-01-07 10:01:34,In,F
2025-01-07 10:01:45,out_not_buy,F
2025-01-07 10:01:46,In,M
2025-01-07 10:01:57,out_not_buy,F
2025-01-07 10:01:58,out_not_buy,F
2025-01-07 10:02:14,In,F
2025-01-07 10:02:29,In,F
2025-01-07 10:02:33,out_not_buy,F
2025-01-07 10:02:45,out_bought,M
2025-01-07 10:02:48,out_bought,F
2025-01-07 10:02:50,In,F
2025-01-07 10:03:05,out_bought,M
2025-01-07 10:03:07,out_not_buy,M
2025-01-07 10:03:23,out_bought,F
2025-01-07 10:03:25,out_bought,M
2025-01-07 10:03:31,In,F
2025-01-07 10:03:49,In,F
2025-01-07 10:03:50,In,M
2025-01-07 10:03:59,out_not_buy,F
2025-01-07 10:04:00,out_bought,F
2025-01-07 10:04:04,out_not_buy,F
2025-01-07 10:04:06,In,F
2025-01-07 10:04:23,In,M
2025-01-07 10:04:23,In,M
2025-01-07 10:04:24,In,F
2025-01-07 10:04:28,In,M
2025-01-07 10:04:35,out_bought,F
2025-01-07 10:04:38,out_not_buy,F
2025-01-07 10:04:40,In,M
2025-01-07 10:04:41,In,F
2025-01-07 10:04:59,out_not_buy,F
2025-01-07 10:05:00,out_not_buy,F
2025-01-07 10:05:10,out_bought,F
2025-01-07 10:05:21,In,M
2025-01-07 10:05:25,out_not_buy,M
2025-01-07 10:05:26,out_not_buy,F
2025-01-07 10:05:38,out_bought,M
2025-01-07 10:05:41,out_not_buy,F
2025-01-07 10:05:43,out_bought,M
2025-01-07 10:05:44,out_bought,F
2025-01-07 10:05:45,In,M
2025-01-07 10:05:54,out_not_buy,F
2025-01-07 10:06:02,In,F
2025-01-07 10:06:07,In,M
2025-01-07 10:06:16,out_bought,F
2025-01-07 10:06:16,out_bought,F
2025-01-07 10:06:17,out_bought,M
2025-01-07 10:06:19,out_not_buy,M
2025-01-07 10:06:21,out_not_buy,F
2025-01-07 10:06:21,out_not_buy,F
2025-01-07 10:06:22,out_not_buy,M
2025-01-07 10:06:48,out_not_buy,M
2025-01-07 10:06:49,out_not_buy,F
2025-01-07 10:06:51,In,M
2025-01-07 10:06:55,out_not_buy,M
2025-01-07 10:07:13,out_not_buy,M
2025-01-07 10:07:32,In,M
2025-01-07 10:07:34,out_not_buy,M
2025-01-07 10:07:36,out_bought,M
2025-01-07 10:07:39,out_not_buy,M
2025-01-07 10:08:17,In,M
2025-01-07 10:08:20,out_bought,M
2025-01-07 10:08:24,out_not_buy,F
2025-01-07 10:08:29,out_not_buy,M
2025-01-07 10:08:30,out_not_buy,F
2025-01-07 10:08:35,In,M
2025-01-07 10:08:36,In,F
2025-01-07 10:08:49,out_bought,M
2025-01-07 10:08:50,out_not_buy,M
2025-01-07 10:08:51,out_not_buy,F
2025-01-07 10:08:56,out_not_buy,M
2025-01-07 10:08:59,out_bought,M
2025-01-07 10:09:01,out_not_buy,M
2025-01-07 10:09:03,out_not_buy,M
2025-01-07 10:09:04,out_not_buy,F
2025-01-07 10:09:15,In,F
2025-01-07 10:09:15,In,M
2025-01-07 10:09:18,out_not_buy,M
2025-01-07 10:09:19,out_not_buy,F
2025-01-07 10:09:21,In,F
2025-01-07 10:09:36,out_not_buy,F
2025-01-07 10:09:43,In,M
2025-01-07 10:09:43,In,F
2025-01-07 10:09:50,In,F
2025-01-07 10:10:15,out_bought,F
2025-01-07 10:10:16,out_bought,F
2025-01-07 10:10:17,In,M
2025-01-07 10:10:31,out_not_buy,M
2025-01-07 10:10:32,out_bought,F
2025-01-07 10:10:33,out_bought,F
2025-01-07 10:10:34,In,F
2025-01-07 10:10:41,out_bought,F
2025-01-07 10:10:42,out_bought,M
2025-01-07 10:10:43,out_bought,F
2025-01-07 10:10:48,out_not_buy,M
2025-01-07 10:10:58,out_bought,M
2025-01-07 10:11:00,out_not_buy,F
2025-01-07 10:11:14,In,M
2025-01-07 10:11:20,In,F
2025-01-07 10:11:20,In,F
2025-01-07 10:11:22,In,F
2025-01-07 10:11:25,In,M
2025-01-07 10:11:26,In,F
2025-01-07 10:11:39,out_not_buy,M
2025-01-07 10:11:40,out_not_buy,M
2025-01-07 10:11:44,out_not_buy,F
2025-01-07 10:11:45,out_not_buy,F
2025-01-07 10:11:54,In,M
2025-01-07 10:11:55,In,F
2025-01-07 10:12:24,In,F
2025-01-07 10:12:36,out_not_buy,M
2025-01-07 10:12:37,out_not_buy,F
2025-01-07 10:12:39,out_not_buy,F
2025-01-07 10:12:50,out_not_buy,F
2025-01-07 10:13:06,In,F
2025-01-07 10:13:07,In,F
2025-01-07 10:13:23,In,M
2025-01-07 10:13:24,In,M
2025-01-07 10:13:25,In,M
2025-01-07 10:13:26,In,F
2025-01-07 10:13:29,out_not_buy,F
2025-01-07 10:13:29,out_not_buy,F
2025-01-07 10:13:35,In,M
2025-01-07 10:13:54,out_not_buy,M
2025-01-07 10:13:55,out_not_buy,F
2025-01-07 10:14:12,out_not_buy,M
2025-01-07 10:14:16,out_not_buy,F
2025-01-07 10:14:28,In,F
2025-01-07 10:14:38,In,F
2025-01-07 10:14:43,out_not_buy,M
2025-01-07 10:14:43,out_not_buy,F
2025-01-07 10:14:50,In,M
2025-01-07 10:14:51,In,F
2025-01-07 10:14:54,In,F
2025-01-07 10:14:55,In,F
2025-01-07 10:14:56,In,F
2025-01-07 10:14:58,In,F
2025-01-07 10:15:10,In,F
2025-01-07 10:15:17,out_not_buy,M
2025-01-07 10:15:18,out_not_buy,F
2025-01-07 10:15:21,out_not_buy,M
2025-01-07 10:15:21,out_not_buy,F
2025-01-07 10:15:22,In,F
2025-01-07 10:15:34,In,F
2025-01-07 10:15:36,In,F
2025-01-07 10:15:36,In,F
2025-01-07 10:15:50,out_not_buy,F
2025-01-07 10:15:58,In,M
2025-01-07 10:16:04,In,M
2025-01-07 10:16:45,out_not_buy,M
2025-01-07 10:16:46,In,F
2025-01-07 10:16:48,In,F
2025-01-07 10:16:49,In,M
2025-01-07 10:16:51,In,M
2025-01-07 10:16:51,In,F
2025-01-07 10:16:55,In,M
2025-01-07 10:16:56,In,F
2025-01-07 10:17:03,In,F
2025-01-07 10:17:28,out_not_buy,M
2025-01-07 10:17:31,In,F
2025-01-07 10:17:34,out_not_buy,M
2025-01-07 10:17:38,In,M
2025-01-07 10:17:38,In,F
2025-01-07 10:17:40,out_not_buy,F
2025-01-07 10:17:42,out_not_buy,M
2025-01-07 10:17:43,In,M
2025-01-07 10:17:43,In,F
2025-01-07 10:17:57,out_bought,F
2025-01-07 10:17:58,out_bought,F
2025-01-07 10:18:08,out_bought,F
2025-01-07 10:18:10,out_not_buy,F
2025-01-07 10:18:11,In,M
2025-01-07 10:18:13,In,F
2025-01-07 10:18:14,In,F
2025-01-07 10:18:15,In,F
2025-01-07 10:18:17,In,F
2025-01-07 10:18:20,In,M
2025-01-07 10:18:26,out_not_buy,M
2025-01-07 10:18:27,out_not_buy,F
2025-01-07 10:18:38,out_bought,M
2025-01-07 10:18:41,In,F
2025-01-07 10:18:41,In,M
2025-01-07 10:18:44,In,F
2025-01-07 10:18:45,In,F
2025-01-07 10:18:46,In,M
2025-01-07 10:19:04,In,M
2025-01-07 10:19:07,out_bought,M
2025-01-07 10:19:13,out_not_buy,F
2025-01-07 10:21:25,In,F
2025-01-07 10:21:26,In,F
2025-01-07 10:21:28,out_not_buy,F
2025-01-07 10:21:28,out_not_buy,F
2025-01-07 10:21:36,out_not_buy,M
2025-01-07 10:21:36,out_not_buy,F
2025-01-07 10:21:37,out_not_buy,F
2025-01-07 10:21:38,out_not_buy,M
2025-01-07 10:21:57,In,M
2025-01-07 10:21:58,In,M
2025-01-07 10:21:58,out_not_buy,M
2025-01-07 10:22:17,out_not_buy,F
2025-01-07 10:22:29,In,M
2025-01-07 10:22:29,In,F
2025-01-07 10:22:34,In,M
2025-01-07 10:22:34,In,M
2025-01-07 10:22:47,In,F
2025-01-07 10:22:47,In,F
2025-01-07 10:22:51,In,F
2025-01-07 10:22:52,In,F
2025-01-07 10:22:54,out_not_buy,F
2025-01-07 10:23:01,In,M
2025-01-07 10:23:12,out_bought,F
2025-01-07 10:23:42,out_not_buy,M
2025-01-07 10:23:54,out_not_buy,F
2025-01-07 10:23:54,In,M
2025-01-07 10:23:55,In,M
2025-01-07 10:23:57,In,F
2025-01-07 10:23:59,out_not_buy,F
2025-01-07 10:24:06,out_not_buy,F
2025-01-07 10:24:14,In,M
2025-01-07 10:24:38,out_not_buy,F
2025-01-07 10:24:39,out_not_buy,M
2025-01-07 10:24:41,In,M
2025-01-07 10:24:48,out_not_buy,F
2025-01-07 10:24:57,In,F
2025-01-07 10:24:59,out_not_buy,M
2025-01-07 10:25:06,In,F
2025-01-07 10:25:21,out_not_buy,M
2025-01-07 10:25:22,out_not_buy,M
2025-01-07 10:25:22,out_not_buy,M
2025-01-07 10:25:46,out_not_buy,M
2025-01-07 10:25:47,out_not_buy,F
2025-01-07 10:25:55,In,M
2025-01-07 10:26:03,In,F
2025-01-07 10:26:37,out_not_buy,F
2025-01-07 10:26:39,out_not_buy,M
2025-01-07 10:26:39,out_not_buy,F
2025-01-07 10:26:49,out_not_buy,F
2025-01-07 10:27:00,In,F
2025-01-07 10:27:29,out_bought,M
2025-01-07 10:27:42,out_not_buy,M
2025-01-07 10:27:42,out_not_buy,F
2025-01-07 10:27:47,In,M
2025-01-07 10:27:51,out_not_buy,F
2025-01-07 10:28:03,out_bought,F
2025-01-07 10:28:04,out_not_buy,M
2025-01-07 10:28:05,out_not_buy,M
2025-01-07 10:28:05,out_not_buy,M
2025-01-07 10:28:08,out_not_buy,F
2025-01-07 10:28:21,In,F
2025-01-07 10:28:21,In,F
2025-01-07 10:28:35,In,M
2025-01-07 10:29:41,In,F
2025-01-07 10:29:42,In,M
2025-01-07 10:29:43,In,F
2025-01-07 10:29:45,out_not_buy,F
2025-01-07 10:30:13,In,M
2025-01-07 10:30:28,out_bought,F
2025-01-07 10:30:31,out_not_buy,F
2025-01-07 10:30:41,out_not_buy,F
2025-01-07 10:31:30,out_not_buy,F
2025-01-07 10:31:32,In,F
2025-01-07 10:31:32,In,M
2025-01-07 10:31:54,out_not_buy,M
2025-01-07 10:31:55,In,M
2025-01-07 10:31:55,In,F
2025-01-07 10:31:56,out_not_buy,F
2025-01-07 10:31:58,out_not_buy,F
2025-01-07 10:31:59,out_not_buy,M
2025-01-07 10:32:20,In,M
2025-01-07 10:32:24,In,M
2025-01-07 10:32:25,In,F
2025-01-07 10:32:29,out_bought,F
2025-01-07 10:32:34,out_not_buy,M
2025-01-07 10:32:36,In,F
2025-01-07 10:32:36,In,F
2025-01-07 10:32:38,In,M
2025-01-07 10:32:57,In,F
2025-01-07 10:32:58,In,M
2025-01-07 10:32:59,In,F
2025-01-07 10:33:34,In,F
2025-01-07 10:33:35,In,M
2025-01-07 10:33:36,In,M
2025-01-07 10:33:39,In,F
2025-01-07 10:33:39,In,M
2025-01-07 10:33:44,In,M
2025-01-07 10:33:45,In,F
2025-01-07 10:33:46,In,M
2025-01-07 10:33:46,In,M
2025-01-07 10:34:14,out_not_buy,M
2025-01-07 10:34:14,out_not_buy,M
2025-01-07 10:34:15,out_not_buy,M
2025-01-07 10:34:16,out_not_buy,F
2025-01-07 10:34:19,out_not_buy,F
2025-01-07 10:34:44,out_bought,F
2025-01-07 10:34:49,out_not_buy,F
2025-01-07 10:35:00,In,M
2025-01-07 10:35:01,In,F
2025-01-07 10:35:05,out_not_buy,F
2025-01-07 10:35:06,out_not_buy,M
2025-01-07 10:35:06,In,F
2025-01-07 10:35:07,In,F
2025-01-07 10:35:10,In,M
2025-01-07 10:35:11,In,F
2025-01-07 10:35:11,In,F
2025-01-07 10:35:14,out_not_buy,F
2025-01-07 10:35:30,In,M
2025-01-07 10:35:42,out_not_buy,F
2025-01-07 10:35:51,out_not_buy,F
2025-01-07 10:36:10,out_not_buy,M
2025-01-07 10:36:13,In,F
2025-01-07 10:36:14,In,F
2025-01-07 10:36:43,In,F
2025-01-07 10:37:00,In,F
2025-01-07 10:37:03,out_not_buy,F
2025-01-07 10:37:43,In,F
2025-01-07 10:37:46,out_bought,M
2025-01-07 10:37:47,out_not_buy,M
2025-01-07 10:37:48,out_not_buy,F
2025-01-07 10:37:55,out_bought,F
2025-01-07 10:37:58,out_not_buy,F
2025-01-07 10:37:58,out_not_buy,F
2025-01-07 10:38:07,In,F
2025-01-07 10:38:08,In,F
2025-01-07 10:38:08,In,F
2025-01-07 10:38:09,out_not_buy,M
2025-01-07 10:38:10,out_not_buy,F
2025-01-07 10:38:11,In,F
2025-01-07 10:38:12,In,F
2025-01-07 10:38:23,In,M
2025-01-07 10:38:24,In,F
2025-01-07 10:38:58,out_bought,M
2025-01-07 10:38:59,out_bought,F
2025-01-07 10:39:00,In,M
2025-01-07 10:39:01,In,M
2025-01-07 10:39:10,In,F
2025-01-07 10:39:11,In,F
2025-01-07 10:39:11,In,M
2025-01-07 10:39:24,out_not_buy,F
2025-01-07 10:39:24,out_not_buy,F
2025-01-07 10:39:25,out_not_buy,F
2025-01-07 10:39:26,In,F
2025-01-07 10:39:26,In,M
2025-01-07 10:39:31,In,F
2025-01-07 10:39:43,In,M
2025-01-07 10:39:45,In,F
2025-01-07 10:40:04,out_not_buy,M
2025-01-07 10:40:04,out_not_buy,M
2025-01-07 10:40:05,out_not_buy,M
2025-01-07 10:40:05,out_not_buy,F
2025-01-07 10:40:12,In,M
2025-01-07 10:40:13,In,F
2025-01-07 10:40:16,In,M
2025-01-07 10:40:33,In,M
2025-01-07 10:40:33,In,F
2025-01-07 10:40:35,In,M
2025-01-07 10:40:45,In,F
2025-01-07 10:40:46,In,F
2025-01-07 10:40:46,In,M
2025-01-07 10:40:48,In,F
2025-01-07 10:41:06,out_not_buy,F
2025-01-07 10:41:07,out_bought,F
2025-01-07 10:41:09,In,F
2025-01-07 10:41:09,In,F
2025-01-07 10:41:13,out_not_buy,M
2025-01-07 10:41:14,out_not_buy,F
2025-01-07 10:41:18,In,M
2025-01-07 10:41:37,In,M
2025-01-07 10:41:38,In,M
2025-01-07 10:41:53,In,F
2025-01-07 10:41:54,out_not_buy,M
2025-01-07 10:41:55,out_not_buy,F
2025-01-07 10:42:02,In,M
2025-01-07 10:42:08,out_bought,M
2025-01-07 10:42:14,In,M
2025-01-07 10:42:14,In,M
2025-01-07 10:42:16,out_not_buy,M
2025-01-07 10:42:19,out_not_buy,M
2025-01-07 10:42:20,out_not_buy,F
2025-01-07 10:42:22,In,F
2025-01-07 10:42:30,In,M
2025-01-07 10:42:31,In,F
2025-01-07 10:42:36,In,M
2025-01-07 10:42:37,In,F
2025-01-07 10:42:49,out_not_buy,M
2025-01-07 10:42:50,out_not_buy,F
2025-01-07 10:42:50,out_not_buy,M
2025-01-07 10:42:51,In,F
2025-01-07 10:42:51,In,F
2025-01-07 10:42:54,out_not_buy,F
2025-01-07 10:43:36,In,M
2025-01-07 10:43:37,In,F
2025-01-07 10:43:42,out_not_buy,F
2025-01-07 10:43:43,out_not_buy,F
2025-01-07 10:43:45,out_not_buy,M
2025-01-07 10:43:47,In,F
2025-01-07 10:43:48,out_not_buy,M
2025-01-07 10:44:08,out_not_buy,M
2025-01-07 10:44:08,out_not_buy,F
2025-01-07 10:44:09,out_not_buy,M
2025-01-07 10:44:10,out_not_buy,M
2025-01-07 10:44:11,out_not_buy,F
2025-01-07 10:44:13,out_not_buy,F
2025-01-07 10:44:15,out_not_buy,F
2025-01-07 10:44:17,out_not_buy,F
2025-01-07 10:44:28,In,F
2025-01-07 10:44:29,In,F
2025-01-07 10:44:34,In,F
2025-01-07 10:44:42,In,F
2025-01-07 10:44:44,In,F
2025-01-07 10:44:44,In,F
2025-01-07 10:44:45,In,M
2025-01-07 10:44:46,In,F
2025-01-07 10:44:47,In,M
2025-01-07 10:44:48,out_not_buy,M
2025-01-07 10:44:48,out_not_buy,F
2025-01-07 10:44:55,out_not_buy,M
2025-01-07 10:44:56,out_not_buy,F
2025-01-07 10:45:07,out_not_buy,F
2025-01-07 10:45:09,In,M
2025-01-07 10:45:10,In,M
2025-01-07 10:45:32,In,F
2025-01-07 10:45:33,In,F
2025-01-07 10:45:33,In,M
2025-01-07 10:45:34,In,M
2025-01-07 10:45:43,In,M
2025-01-07 10:46:08,In,M
2025-01-07 10:46:08,In,M
2025-01-07 10:46:09,In,M
2025-01-07 10:46:09,In,F
2025-01-07 10:46:10,In,F
2025-01-07 10:46:22,In,M
2025-01-07 10:46:23,In,M
2025-01-07 10:46:58,In,M
2025-01-07 10:46:59,In,F
2025-01-07 10:46:59,In,M
2025-01-07 10:47:00,In,F
2025-01-07 10:47:04,In,M
2025-01-07 10:47:05,In,M
2025-01-07 10:47:24,out_not_buy,F
2025-01-07 10:47:31,out_bought,F
2025-01-07 10:47:39,out_not_buy,F